<?xml version="1.0" encoding="UTF-8"?>
<beans xmlns="http://www.springframework.org/schema/beans"
       xmlns:xsi="http://www.w3.org/2001/XMLSchema-instance" xmlns:mvc="http://www.springframework.org/schema/mvc"
       xmlns:context="http://www.springframework.org/schema/context"
       xsi:schemaLocation="http://www.springframework.org/schema/beans http://www.springframework.org/schema/beans/spring-beans.xsd http://www.springframework.org/schema/mvc http://www.springframework.org/schema/mvc/spring-mvc.xsd http://www.springframework.org/schema/context http://www.springframework.org/schema/context/spring-context.xsd">
    <mvc:annotation-driven>
    <mvc:message-converters>
        <bean class="com.alibaba.fastjson.support.spring.FastJsonHttpMessageConverter">
            <property name="supportedMediaTypes" value="application/json;charset=utf-8"/>
        </bean>
    </mvc:message-converters>
    </mvc:annotation-driven>
    <context:component-scan base-package="com.study.zshop.backend.controller"/>
    <bean class="org.springframework.web.servlet.view.InternalResourceViewResolver">
        <property name="prefix" value="/WEB-INF/views/"/>
        <property name="suffix" value=".jsp"/>
    </bean>

    <mvc:view-controller path="/showLogin" view-name="login"/>
    <mvc:resources mapping="/css/**" location="/WEB-INF/css/"/>
    <mvc:resources mapping="/js/**" location="/WEB-INF/js/"/>
    <mvc:resources mapping="/images/**" location="/WEB-INF/images/"/>
    <mvc:resources mapping="/fonts/**" location="/WEB-INF/fonts/"/>
    <mvc:resources mapping="/iconfont/**" location="/WEB-INF/iconfont/"/>
    <mvc:resources mapping="/layer/**" location="/WEB-INF/layer/"/>
<bean id="multipartResolver" class="org.springframework.web.multipart.commons.CommonsMultipartResolver">
    <property name="maxInMemorySize" value="10000000"/>
</bean>
</beans>