<?xml version="1.0" encoding="UTF-8" ?>
<!DOCTYPE mapper
        PUBLIC "-//mybatis.org//DTD Mapper 3.0//EN"
        "http://mybatis.org/dtd/mybatis-3-mapper.dtd">

<mapper namespace="com.study.zshop.dao.CustomerDao">
    <resultMap id="customerMapper" type="customer">
        <id property="id" column="id"/>
        <result property="name" column="name"/>
        <result property="loginName" column="login_name"/>
        <result property="password" column="password"/>
        <result property="phone" column="phone"/>
        <result property="address" column="address"/>
        <result property="isValid" column="is_Valid"/>
        <result property="registDate" column="regist_date"/>
    </resultMap>
    <sql id="customerColumn">
        id,
        name,
        login_name,
        password,
        phone,
        address,
        is_valid,
        regist_date
    </sql>
<select id="selectByLoginNameAndPassword" resultMap="customerMapper">
select <include refid="customerColumn"/>
from t_customer
where login_name=#{loginName} and password=#{password} and is_valid=#{isValid}
</select>
    <select id="selectByPhone" resultMap="customerMapper">
        select
        <include refid="customerColumn"/>
        from t_customer
        where phone=#{phone}
    </select>
</mapper>