<?xml version="1.0" encoding="UTF-8" ?>
<!DOCTYPE mapper
        PUBLIC "-//mybatis.org//DTD Mapper 3.0//EN"
        "http://mybatis.org/dtd/mybatis-3-mapper.dtd">

<mapper namespace="com.study.zshop.dao.SysuserDao">
    <resultMap id="sysuserMap" type="Sysuser">
        <id property="id" column="id"/>
        <result property="name" column="name"/>
        <result property="loginName" column="login_name"/>
        <result property="password" column="password"/>
        <result property="phone" column="phone"/>
        <result property="email" column="email"/>
        <result property="isValid" column="is_Valid"/>
        <result property="createDate" column="create_date"/>
        <association property="role" javaType="Role" column="role_id">
            <id property="id" column="r.id"/>
            <result property="roleName" column="role_name"/>
        </association>
    </resultMap>
    <resultMap id="sysuserMap2" type="Sysuser">
        <id property="id" column="id"/>
        <result property="name" column="name"/>
        <result property="loginName" column="login_name"/>
        <result property="password" column="password"/>
        <result property="phone" column="phone"/>
        <result property="email" column="email"/>
        <result property="isValid" column="is_Valid"/>
        <result property="createDate" column="create_date"/>
        <association property="role" javaType="Role" column="role_id">
            <id property="id" column="role_id"/>

        </association>
    </resultMap>
    <sql id="sysuserColumn">
        id,
        name,
        login_name,
        password,
        phone,
        email,
        is_Valid,
        create_date,
        role_id
    </sql>
<select id="selectAll" resultMap="sysuserMap">
    select  s.id,s.name,s.password,s.login_name,s.phone,s.email,s.is_valid,s.role_id,r.id 'r.id',s.create_date,r.role_name
    from t_sysuser s
    left join t_role r on r.id=s.role_id
</select>
    <select id="selectById" resultMap="sysuserMap2">
        select <include refid="sysuserColumn"/>
        from t_sysuser
        where id=#{id}

    </select>
    <insert id="insert" parameterType="Sysuser">
        insert into t_sysuser (name, login_name, password, phone, email, is_valid, create_date, role_id)
        values (#{name},#{loginName},#{password},#{phone},#{email},#{isValid},#{createDate},#{role.id});
    </insert>
    <update id="update" parameterType="Sysuser">
        update t_sysuser
        set name=#{name},phone=#{phone},email=#{email},role_id=#{role.id}
        where id=#{id}
    </update>
    <update id="updateStatus">
        update t_sysuser
        set is_valid=#{isValid}
        where id=#{id}
    </update>
    <select id="selectByParams" parameterType="com.study.zshop.params.SysuserParams" resultMap="sysuserMap">
         select  s.id,s.name,s.password,s.login_name,s.phone,s.email,s.is_valid,s.role_id,r.id 'r.id',s.create_date,r.role_name
    from t_sysuser s
    left join t_role r on r.id=s.role_id
    <where>
        <if test="name!=null and name!=''">
            and name like concat(concat('%',#{name}),'%')
        </if>
        <if test="loginName!=null and loginName!=''">
            and login_name like concat(concat('%',#{loginName},'%'))
        </if>
        <if test="phone!=null and phone!=''">
            and phone=#{phone}
        </if>
        <if test="role!=null and role!=-1">
            and role_id=#{role}
        </if>
        <if test="isValid!=null and isValid!=-1">
            and is_valid=#{isValid}
        </if>
    </where>
    </select>
    <select id="selectByLoginNameAndPassword" resultMap="sysuserMap">
         select  s.id,s.name,s.password,s.login_name,s.phone,s.email,s.is_valid,s.role_id,r.id 'r.id',s.create_date,r.role_name
    from t_sysuser s
    left join t_role r on r.id=s.role_id
    where login_name=#{loginName} and password=#{password} and is_valid=#{isValid}
    </select>
</mapper>